{"cameraMode":{"drawMode":0,"name":"Shaded","section":"Shading Mode"},"sceneLighting":true,"audioPlay":false,"sceneViewState":{"m_AlwaysRefresh":false,"showFog":true,"showSkybox":true,"showFlares":true,"showImageEffects":true,"showParticleSystems":true,"showVisualEffectGraphs":true,"m_FxEnabled":true},"in2DMode":false,"pivot":{"x":150.8385467529297,"y":0.6700451970100403,"z":-0.8103470206260681},"rotation":{"x":0.005712410900741816,"y":0.7072603106498718,"z":-0.0057435836642980579,"w":0.7068845629692078},"size":0.03950858116149902,"orthographic":false}