{"cameraMode":{"drawMode":0,"name":"Shaded","section":"Shading Mode"},"sceneLighting":true,"audioPlay":false,"sceneViewState":{"m_AlwaysRefresh":false,"showFog":true,"showSkybox":true,"showFlares":true,"showImageEffects":true,"showParticleSystems":true,"showVisualEffectGraphs":true,"m_FxEnabled":true},"in2DMode":false,"pivot":{"x":51.13253402709961,"y":2.0177502632141115,"z":-1.4563642740249634},"rotation":{"x":-0.009787742048501969,"y":-0.8052244782447815,"z":-0.0132819302380085,"w":0.5926728248596191},"size":1.4152379035949708,"orthographic":false}